{"initial_reset_timestamp": 1591797577.7036183, "timestamps": [1591797582.6883755], "episode_lengths": [212], "episode_rewards": [-1.0], "episode_types": ["t"]}