{"initial_reset_timestamp": 1591795886.2269077, "timestamps": [1591795890.908582], "episode_lengths": [186], "episode_rewards": [-1.0], "episode_types": ["t"]}