{"initial_reset_timestamp": 1591802421.0870929, "timestamps": [1591802422.0744715, 1591802422.5773394, 1591802422.980135, 1591802423.2974164, 1591802423.5699856, 1591802423.892941, 1591802424.2258427, 1591802424.6235113, 1591802424.973503, 1591802425.394155], "episode_lengths": [63, 63, 63, 52, 45, 53, 54, 63, 50, 60], "episode_rewards": [-5.0, -5.0, -5.0, -5.0, -5.0, -5.0, -5.0, -5.0, -5.0, -5.0], "episode_types": ["t", "t", "t", "t", "t", "t", "t", "t", "t", "t", "t"]}